,ID,ASSIGNED_GENDER
0,5073328,F
1,5106957,M
2,5116504,M
3,5227432,M
4,5237081,F
5,5421790,F
6,5443843,F
7,5495671,M
8,5520985,M
9,5521173,F
10,5521374,M
11,5521385,M
12,5521386,F
13,5532885,M
14,5601942,F
15,5624780,M
16,5648056,F
17,5691450,F
18,5734939,F
19,5736350,M
20,5752072,F
21,5752165,F
22,5753294,F
23,5826771,F
24,5830177,M
25,5856480,F
26,5857372,F
27,5885351,M
28,5885610,M
29,5890472,F
30,5905153,F
31,5906903,F
32,5944244,M
33,5949366,F
34,5949393,M
35,5972340,F
36,5996835,F
37,6004047,F
38,6013634,M
39,6017511,F
40,6017588,M
41,6024797,F
42,6029556,F
43,6050581,M
44,6051831,F
45,6064359,M
46,6079194,M
47,6079363,F
48,6080634,F
49,6091586,M
50,6092685,F
51,6093598,F
52,6095670,M
53,6096603,M
54,6096897,F
55,6131370,M
56,6132398,M
57,6133938,F
58,6134058,M
59,6134290,F
60,6140457,F
61,6153597,M
62,6154551,M
63,6154552,M
64,6154556,F
65,6154595,M
66,6154599,M
67,6157670,M
68,6162541,F
69,6163738,F
70,6164478,M
71,6164497,M
72,6165379,M
73,6165832,F
74,6165879,M
75,6165895,F
76,6165903,M
77,6165994,M
78,6166260,F
79,6166818,F
80,6166831,F
81,6166921,F
82,6166924,M
83,6167100,M
84,6167542,F
85,6167544,M
86,6168076,M
87,6168319,F
88,6168425,M
89,6168605,M
90,6168685,F
91,6168892,M
92,6168895,F
93,6169487,M
94,6169592,M
95,6170007,F
96,6170057,M
97,6170309,M
98,6170318,M
99,6170375,F
100,6170489,M
101,6170638,F
102,6170677,M
103,6171063,M
104,6171088,M
105,6171371,M
106,6171383,M
107,6171892,M
108,6171903,F
109,6173270,M
110,6173538,F
111,6173677,F
112,6173688,F
113,6173809,F
114,6173811,M
115,6173813,F
116,6173815,M
117,6173822,F
118,6173828,M
119,6173834,F
120,6173838,F
121,6173844,M
122,6173845,F
123,6173847,F
124,6173851,F
125,6173852,F
126,6173859,M
127,6173867,M
128,6173870,M
129,6173872,M
130,6173885,F
131,6173888,F
132,6173998,F
133,6173999,F
134,6174081,F
135,6174093,F
136,6174101,F
137,6174102,M
138,6174106,F
139,6174109,F
140,6174112,F
141,6174113,F
142,6174114,F
143,6174115,F
144,6174123,F
145,6174232,F
146,6174257,M
147,6174259,F
148,6174260,F
149,6174261,M
150,6174264,F
151,6174273,F
152,6174277,F
153,6174278,F
154,6174382,F
155,6174389,M
156,6174395,F
157,6174481,F
158,6174498,M
159,6174501,F
160,6174512,F
161,6174516,M
162,6174538,M
163,6174545,M
164,6174568,F
165,6174582,M
166,6174589,M
167,6174594,M
168,6174611,F
169,6174623,F
170,6174625,F
171,6174709,F
172,6174711,F
173,6174717,F
174,6174744,M
175,6174750,F
176,6174754,F
177,6174787,M
178,6174788,F
179,6174825,M
180,6174826,F
181,6174901,M
182,6174904,F
183,6174920,F
184,6174922,F
185,6174941,M
186,6175000,F
187,6175013,F
188,6175150,M
189,6175162,F
190,6175169,F
191,6175175,F
192,6175181,F
193,6175183,F
194,6175187,M
195,6175355,F
196,6175360,F
197,6175363,F
198,6175364,F
199,6175372,F
200,6175374,F
201,6175378,M
202,6175393,F
203,6175394,M
204,6175398,M
205,6175416,F
206,6175421,F
207,6175450,F
208,6175464,M
209,6175466,F
210,6175475,F
211,6175488,F
212,6175507,M
213,6175516,M
214,6175771,F
215,6175773,F
216,6175782,M
217,6175787,F
218,6175789,M
219,6175794,M
220,6175797,M
221,6175832,F
222,6175839,F
223,6175842,F
224,6175843,M
225,6175846,M
226,6175855,F
227,6175858,F
228,6176057,F
229,6176062,F
230,6176063,F
231,6176083,M
232,6176112,M
233,6176118,F
234,6176124,M
235,6176191,F
236,6176207,M
237,6176214,M
238,6176329,F
239,6176337,F
240,6176343,M
241,6176356,M
242,6176366,M
243,6176369,F
244,6176396,F
245,6176405,M
246,6176418,F
247,6176420,F
248,6176427,M
249,6176445,F
250,6176460,M
251,6176493,M
252,6176504,M
253,6176523,M
254,6176608,M
255,6176613,F
256,6176617,M
257,6176640,M
258,6176666,M
259,6176683,F
260,6176710,F
261,6176921,M
262,6176927,M
263,6176944,M
264,6177003,M
265,6177066,F
266,6177146,M
267,6177273,M
268,6177279,F
269,6177288,F
270,6177305,F
271,6177330,F
272,6177339,F
273,6177373,M
274,6177389,M
275,6177442,F
276,6177584,F
277,6177665,M
278,6177677,F
279,6177754,M
280,6177824,M
281,6177856,F
282,6177860,M
283,6177869,M
284,6177885,M
285,6177894,F
286,6177970,F
287,6177984,F
288,6178027,M
289,6178043,F
290,6178052,F
291,6178053,F
292,6178055,F
293,6178060,F
294,6178125,F
295,6178210,F
296,6178213,M
297,6178217,F
298,6178218,M
299,6178223,F
300,6178227,M
301,6178236,F
302,6178241,F
303,6178245,F
304,6178252,M
305,6178260,F
306,6178266,F
307,6178267,F
308,6178269,F
309,6178271,F
310,6178274,F
311,6178330,F
312,6178338,F
313,6178343,F
314,6178357,M
315,6178361,F
316,6178363,F
317,6178367,M
318,6178404,F
319,6178422,M
320,6178423,M
321,6178427,F
322,6178441,M
323,6178443,M
324,6178453,F
325,6178485,F
326,6178486,F
327,6178488,F
328,6178496,F
329,6178499,F
330,6178505,M
331,6178516,M
332,6178523,F
333,6178533,F
334,6178574,M
335,6178577,M
336,6178578,F
337,6178591,F
338,6178594,F
339,6178595,F
340,6178602,M
341,6178603,F
342,6178607,F
343,6178619,F
344,6178630,M
345,6178632,F
346,6178633,M
347,6178640,F
348,6178663,F
349,6178666,F
350,6178669,F
351,6178698,F
352,6178701,M
353,6178708,M
354,6178709,F
355,6178729,F
356,6178736,M
357,6178738,M
358,6178745,F
359,6178747,M
360,6178749,M
361,6178751,F
362,6178754,F
363,6178761,F
364,6178765,F
365,6178770,F
366,6178772,M
367,6178802,F
368,6178809,F
369,6178823,M
370,6178832,F
371,6178850,F
372,6178860,F
373,6178867,M
374,6178878,M
375,6178887,M
376,6178895,M
377,6178896,M
378,6178907,F
379,6178968,F
380,6178982,F
381,6178983,F
382,6178986,M
383,6179007,F
384,6179022,M
385,6179024,F
386,6179037,F
387,6179044,M
388,6179074,F
389,6179079,F
390,6179092,F
391,6179093,M
392,6179099,M
393,6179102,F
394,6179104,M
395,6179111,M
396,6179113,M
397,6179152,M
398,6179158,M
399,6179174,F
400,6179201,F
401,6179228,M
402,6179232,M
403,6179233,M
404,6179236,M
405,6179239,M
406,6179240,M
407,6179245,M
408,6179261,F
409,6179262,F
410,6179269,F
411,6179275,F
412,6179292,F
413,6179299,F
414,6179308,F
415,6179327,F
416,6179330,F
417,6179331,F
418,6179343,F
419,6179349,M
420,6179353,F
421,6179354,F
422,6179355,F
423,6179361,M
424,6179362,F
425,6179365,F
426,6179382,F
427,6179398,F
428,6179412,M
429,6179416,F
430,6179419,F
431,6179426,F
432,6179432,F
433,6179461,F
434,6179478,M
435,6179488,M
436,6179490,M
437,6179497,M
438,6179499,M
439,6179506,F
440,6179507,F
441,6179508,F
442,6179517,F
443,6179525,F
444,6179526,F
445,6179533,F
446,6179536,M
447,6179539,F
448,6179559,F
449,6179574,F
450,6179636,F
451,6179655,M
452,6179677,F
453,6179703,F
454,6179710,F
455,6179750,M
456,6179755,F
457,6179756,F
458,6179769,F
459,6179803,M
460,6179829,F
461,6179857,F
462,6179864,F
463,6179868,F
464,6179869,F
465,6179879,F
466,6179894,F
467,6179901,F
468,6179933,F
469,6179934,M
470,6179938,F
471,6179958,F
472,6179972,F
473,6179973,M
474,6179994,F
475,6180007,M
476,6180047,F
477,6180049,M
478,6180053,M
479,6180067,F
480,6180073,M
481,6180087,M
482,6180092,M
483,6180102,M
484,6180198,M
485,6180202,M
486,6180257,M
487,6180269,M
488,6180281,M
489,6180311,M
490,6180358,M
491,6180377,F
492,6180384,F
493,6180398,F
494,6180401,M
495,6180414,M
496,6180420,M
497,6180459,F
498,6180494,F
499,6180562,F
500,6180568,F
501,6180579,M
502,6180595,F
503,6180611,M
504,6180612,F
505,6180624,F
506,6180629,M
507,6180748,F
508,6180757,M
509,6180769,M
510,6180770,M
511,6180801,M
512,6180802,M
513,6180822,F
514,6180836,F
515,6180862,M
516,6180883,F
517,6180885,F
518,6180886,F
519,6180890,M
520,6180896,M
521,6180918,M
522,6180923,F
523,6180939,M
524,6180981,M
525,6181010,F
526,6181011,F
527,6181068,M
528,6181073,F
529,6181143,M
530,6181160,F
531,6181168,M
532,6181169,F
533,6181257,F
534,6181265,M
535,6181435,F
536,6181446,F
537,6181472,F
538,6181478,F
539,6181488,F
540,6181496,F
541,6181551,F
542,6181581,F
543,6181591,M
544,6181603,F
545,6181621,F
546,6181628,M
547,6181635,F
548,6181641,M
549,6181642,F
550,6181648,M
551,6181652,F
552,6181653,F
553,6181656,F
554,6181657,M
555,6181669,M
556,6181672,F
557,6181673,F
558,6181676,M
559,6181680,F
560,6181682,M
561,6181684,F
562,6181688,F
563,6181702,F
564,6181705,F
565,6181709,M
566,6181712,F
567,6181714,F
568,6181716,M
569,6181723,F
570,6181724,F
571,6181756,F
572,6181767,F
573,6181813,F
574,6181815,F
575,6181817,F
576,6181856,F
577,6181859,F
578,6181866,F
579,6181869,M
580,6181870,F
581,6181871,F
582,6181879,F
583,6181883,M
584,6181884,F
585,6181890,F
586,6181891,F
587,6181909,F
588,6181925,F
589,6181927,M
590,6181941,F
591,6181943,M
592,6181944,M
593,6181945,F
594,6181949,F
595,6181954,M
596,6181962,F
597,6181968,M
598,6181990,F
599,6181992,F
600,6181997,F
601,6181999,F
602,6182002,F
603,6182004,F
604,6182011,F
605,6182012,F
606,6182015,M
607,6182016,F
608,6182020,F
609,6182025,F
610,6182029,F
611,6182033,F
612,6182041,M
613,6182052,F
614,6182068,F
615,6182071,F
616,6182073,F
617,6182078,M
618,6182079,M
619,6182080,M
620,6182092,M
621,6182097,F
622,6182111,F
623,6182117,M
624,6182118,F
625,6182123,M
626,6182130,F
627,6182134,F
628,6182141,M
629,6182142,M
630,6182143,F
631,6182144,F
632,6182161,M
633,6182162,F
634,6182166,F
635,6182169,F
636,6182172,M
637,6182177,M
638,6182188,M
639,6182196,M
640,6182240,F
641,6182244,F
642,6182247,F
643,6182248,F
644,6182270,M
645,6182281,F
646,6182283,M
647,6182286,F
648,6182290,M
649,6182291,F
650,6182295,F
651,6182296,F
652,6182298,F
653,6182299,F
654,6182311,F
655,6182318,F
656,6182328,M
657,6182331,F
658,6182353,F
659,6182367,F
660,6182388,F
661,6182395,F
662,6182406,F
663,6182411,M
664,6182413,F
665,6182429,M
666,6182446,F
667,6182463,M
668,6182480,M
669,6182484,F
670,6182490,F
671,6182492,M
672,6182493,M
673,6182508,F
674,6182514,F
675,6182518,F
676,6182519,M
677,6182532,F
678,6182533,M
679,6182559,F
680,6182580,M
681,6182591,F
682,6182602,F
683,6182612,F
684,6182613,M
685,6182621,F
686,6182647,F
687,6182649,F
688,6182656,F
689,6182665,M
690,6182674,M
691,6182675,M
692,6182683,F
693,6182724,F
694,6182727,M
695,6182741,F
696,6182742,M
697,6182747,F
698,6182752,F
699,6182758,F
700,6182766,F
701,6182790,F
702,6182818,F
703,6182825,F
704,6182840,F
705,6182862,F
706,6182865,F
707,6182884,F
708,6182904,F
709,6182933,M
710,6182938,F
711,6182960,F
712,6182963,F
713,6182968,F
714,6183004,F
715,6183031,F
716,6183038,M
717,6183064,M
718,6183088,M
719,6183089,M
720,6183114,F
721,6183167,F
722,6183192,M
723,6183223,M
724,6183261,M
725,6183263,M
726,6183267,M
727,6183277,M
728,6183280,M
729,6183284,M
730,6183302,M
731,6183349,M
732,6183372,M
733,6183411,M
734,6183425,M
735,6183442,F
736,6183483,F
737,6183484,F
738,6183491,M
739,6183497,F
740,6183561,F
741,6183572,F
742,6183587,M
743,6183636,M
744,6183661,F
745,6183672,F
746,6183690,F
747,6183716,M
748,6183721,M
749,6183724,M
750,6183734,F
751,6183735,F
752,6183741,F
753,6183743,M
754,6183770,M
755,6183779,F
756,6183814,F
757,6183815,M
758,6183827,F
759,6183855,M
760,6183873,F
761,6183878,F
762,6183901,M
763,6183933,M
764,6183988,M
765,6184007,M
766,6184022,M
767,6184067,M
768,6184107,F
769,6184188,M
770,6184254,F
771,6184262,F
772,6184273,F
773,6184275,M
774,6184323,M
775,6184355,M
776,6184358,F
777,6184370,M
778,6184393,F
779,6184414,F
780,6184421,M
781,6184427,M
782,6184447,F
783,6184464,F
784,6184474,M
785,6184537,F
786,6184539,F
787,6184547,M
788,6184586,M
789,6184599,M
790,6184611,M
791,6184644,M
792,6184661,M
793,6184668,M
794,6184684,M
795,6184697,F
796,6184704,M
797,6184716,M
798,6184752,M
799,6184755,M
800,6184847,M
801,6184940,F
802,6184955,M
803,6184961,M
804,6184977,F
805,6184990,M
806,6185013,F
807,6185015,M
808,6185018,F
809,6185019,M
810,6185021,F
811,6185024,F
812,6185026,M
813,6185039,F
814,6186107,F
815,6186108,M
816,6186110,F
817,6186206,F
818,6186217,M
819,6186221,M
820,6186225,F
821,6186227,F
822,6186232,F
823,6186262,M
824,6186264,F
825,6186267,M
826,6186270,F
827,6186321,F
828,6186322,F
829,6186323,F
830,6186330,F
831,6186333,F
832,6186341,M
833,6186342,F
834,6186347,F
835,6186563,M
836,6186570,F
837,6186575,M
838,6186582,M
839,6186584,F
840,6186588,F
841,6186596,F
842,6186598,F
843,6186600,F
844,6186609,F
845,6186614,F
846,6186615,M
847,6186617,F
848,6186639,F
849,6186645,M
850,6186646,M
851,6186653,F
852,6186656,F
853,6186658,F
854,6186670,F
855,6186728,F
856,6186743,F
857,6186746,M
858,6186753,F
859,6186755,M
860,6186756,F
861,6186757,M
862,6186764,F
863,6186769,F
864,6186771,M
865,6186772,F
866,6186777,M
867,6186783,M
868,6186787,F
869,6186797,F
870,6186800,M
871,6186841,F
872,6186842,F
873,6186844,F
874,6186849,M
875,6186854,F
876,6186865,F
877,6186869,M
878,6186870,M
879,6186876,M
880,6186880,F
881,6186889,F
882,6186891,F
883,6186898,M
884,6186900,M
885,6186902,F
886,6186904,F
887,6186905,F
888,6186906,M
889,6186913,F
890,6186917,F
891,6186918,F
892,6186928,M
893,6186931,M
894,6186936,M
895,6186938,M
896,6186945,M
897,6186956,M
898,6186969,F
899,6186975,F
900,6186981,M
901,6186990,M
902,6186998,F
903,6187002,F
904,6187016,F
905,6187021,M
906,6187024,F
907,6187026,F
908,6187030,M
909,6187032,F
910,6187035,M
911,6187036,F
912,6187038,M
913,6187048,M
914,6187055,F
915,6187061,F
916,6187063,F
917,6187065,F
918,6187070,F
919,6187073,F
920,6187074,M
921,6187075,M
922,6187093,F
923,6187097,F
924,6187138,F
925,6187151,M
926,6187154,M
927,6187157,F
928,6187158,M
929,6187159,F
930,6187179,F
931,6187195,F
932,6187198,F
933,6187208,F
934,6187217,F
935,6187221,F
936,6187235,F
937,6187236,F
938,6187239,M
939,6187244,M
940,6187246,F
941,6187250,F
942,6187273,F
943,6187277,F
944,6187279,M
945,6187293,M
946,6187301,F
947,6187305,F
948,6187310,M
949,6187321,M
950,6187322,F
951,6187326,F
952,6187330,F
953,6187331,F
954,6187332,M
955,6187339,F
956,6187341,F
957,6187344,F
958,6187350,F
959,6187355,F
960,6187359,M
961,6187366,F
962,6187372,F
963,6187376,M
964,6187378,M
965,6187382,M
966,6187385,F
967,6187388,M
968,6187396,F
969,6187411,F
970,6187414,F
971,6187416,F
972,6187424,F
973,6187428,M
974,6187430,F
975,6187434,F
976,6187443,F
977,6187452,F
978,6187456,F
979,6187458,M
980,6187462,F
981,6187463,F
982,6187467,F
983,6187468,M
984,6187470,F
985,6187476,F
986,6187480,F
987,6187481,M
988,6187500,F
989,6187505,F
990,6187513,M
991,6187550,F
992,6187555,F
993,6187566,F
994,6187577,M
995,6187596,F
996,6187604,F
997,6187605,F
998,6187607,M
999,6187609,F
1000,6187621,F
1001,6187634,F
1002,6187660,F
1003,6187672,F
1004,6187699,M
1005,6187705,F
1006,6187708,M
1007,6187710,M
1008,6187720,F
1009,6187725,F
1010,6187726,M
1011,6187739,M
1012,6187765,M
1013,6187784,M
1014,6187788,M
1015,6187792,M
1016,6187793,M
1017,6187795,M
1018,6187804,M
1019,6187816,M
1020,6187823,F
1021,6187824,F
1022,6187826,M
1023,6187828,M
1024,6187836,F
1025,6187851,M
1026,6187869,M
1027,6187876,M
1028,6187893,M
1029,6187903,F
1030,6187918,M
1031,6187923,M
1032,6187941,M
1033,6187945,F
1034,6187948,M
1035,6188039,M
1036,6188048,F
1037,6188061,F
1038,6188062,M
1039,6188072,F
1040,6188073,M
1041,6188086,F
1042,6188095,M
1043,6188096,M
1044,6188101,M
1045,6188110,M
1046,6188118,M
1047,6188157,M
1048,6188166,F
1049,6188168,F
1050,6188192,F
1051,6188199,F
1052,6188224,F
1053,6188227,F
1054,6188230,M
1055,6188232,M
1056,6188245,F
1057,6188264,F
1058,6188269,F
1059,6188279,M
1060,6188316,M
1061,6188340,F
1062,6188357,F
1063,6188369,F
1064,6188370,F
1065,6188383,M
1066,6188397,F
1067,6188432,F
1068,6188437,F
1069,6188445,M
1070,6188447,M
1071,6188479,M
1072,6188489,M
1073,6188495,M
1074,6188515,M
1075,6188516,F
1076,6188517,F
1077,6188523,F
1078,6188541,F
1079,6188544,F
1080,6188557,F
1081,6188571,M
1082,6188617,F
1083,6188646,M
1084,6188649,M
1085,6188650,M
1086,6188653,M
1087,6188659,M
1088,6188665,None
1089,6188675,F
1090,6188700,M
1091,6188707,F
1092,6188708,F
1093,6188709,F
1094,6188723,F
1095,6188731,F
1096,6188732,F
1097,6188757,M
1098,6188758,M
1099,6188763,F
1100,6188789,F
1101,6188797,F
1102,6188802,F
1103,6188819,F
1104,6188821,F
1105,6188822,F
1106,6188898,F
1107,6188940,F
1108,6188943,F
1109,6188963,M
1110,6189023,F
1111,6189046,M
1112,6189075,M
1113,6189082,M
1114,6189083,M
1115,6189084,F
1116,6189091,F
1117,6189105,F
1118,6189126,F
1119,6189170,F
1120,6189182,None
1121,6189200,M
1122,6189204,M
1123,6189214,M
1124,6189222,F
1125,6189250,F
1126,6189252,M
1127,6189269,M
1128,6189281,M
1129,6189303,M
1130,6189317,F
1131,6189318,M
1132,6189319,M
1133,6189320,F
1134,6189330,M
1135,6189337,M
1136,6189360,F
1137,6189365,F
1138,6189375,M
1139,6189383,M
1140,6189421,F
1141,6189434,M
1142,6189457,F
1143,6189458,F
1144,6189461,F
1145,6189482,M
1146,6189515,F
1147,6189523,F
1148,6189529,M
1149,6189550,M
1150,6189571,F
1151,6189572,M
1152,6189575,F
1153,6189597,M
1154,6189620,None
1155,6189635,M
1156,6189662,M
1157,6189727,M
1158,6189806,F
